{"type": "metrics", "dataset": "train", "precision": 0.9761006289308176, "balanced_accuracy": 0.8261239767180117, "recall": 0.6569312169312169, "f1_score": 0.785325743200506}
{"type": "metrics", "dataset": "test", "precision": 0.6626297577854672, "balanced_accuracy": 0.6733747551579102, "recall": 0.4018887722980063, "f1_score": 0.5003265839320705}
{"type": "cm_matrix", "dataset": "train", "true_0": {"predicted_0": 16152, "predicted_1": 76}, "true_1": {"predicted_0": 1621, "predicted_1": 3104}}
{"type": "cm_matrix", "dataset": "test", "true_0": {"predicted_0": 6683, "predicted_1": 390}, "true_1": {"predicted_0": 1140, "predicted_1": 766}}
